{"fpu_level": 0.30010000000000003, "patterns": {"unipixel": {"resolution": 0.30010000000000003, "density": 0.30010000000000003, "coherence": 0.30010000000000003}, "fractal": {"dimension": 0.30010000000000003, "scaling": 0.30010000000000003, "recursion": 0.30010000000000003}, "resonance": {"frequency": 0.30010000000000003, "amplitude": 0.30010000000000003, "harmony": 0.30010000000000003}}, "knowledge": {"patterns": 0, "depths": {}}, "timestamp": 1740727969.453009}